{
    "transform": [
        [
            0.9991756081581116,
            0.040423840284347534,
            0.003750609466806054,
            -0.02086670510470867
        ],
        [
            0.003750609466806054,
            -0.18390457332134247,
            0.9829369187355042,
            0.08540651947259903
        ],
        [
            0.040423840284347534,
            -0.9821125268936157,
            -0.18390457332134247,
            -0.0005871672183275223
        ]
    ],
    "scale": 0.16974984070411372
}