{
    "transform": [
        [
            0.9954261183738708,
            0.0949939638376236,
            0.010146334767341614,
            0.0070430813357234
        ],
        [
            0.010146334767341614,
            -0.21072803437709808,
            0.977492094039917,
            -0.11434733122587204
        ],
        [
            0.0949939638376236,
            -0.9729182124137878,
            -0.21072803437709808,
            -0.0008715186268091202
        ]
    ],
    "scale": 0.21124250443128867
}